89059727,95038.86000000,0.00027000,25.66049220,1768694602331,False
89059728,95037.48000000,0.00021000,19.95787080,1768694602955,False
89059729,95037.05000000,0.00021000,19.95778050,1768694610214,True
89059730,95037.05000000,0.00021000,19.95778050,1768694610214,True
89059731,95167.05000000,0.00027000,25.69510350,1768695430095,False
89059732,95055.71000000,0.00389000,369.76671190,1768697112286,True
89059733,95037.05000000,0.10928000,10385.64882400,1768697261889,True
89059734,95037.05000000,0.10705000,10173.71620250,1768697267173,True
89059735,95037.05000000,0.10969000,10424.61401450,1768697268134,True
89059736,95037.05000000,0.11247000,10688.81701350,1768697268139,True
89059737,95037.05000000,0.08762000,8327.14632100,1768697284304,True
89059738,95000.00000000,0.00527000,500.65000000,1768698031698,True
89059739,95000.00000000,0.00210000,199.50000000,1768698031698,True
89059740,94936.05000000,0.00200000,189.87210000,1768698337110,True
89059741,94892.42000000,0.00252000,239.12889840,1768698338162,True
89059742,94890.00000000,0.00200000,189.78000000,1768698338208,True
89059743,94890.00000000,0.00200000,189.78000000,1768698338208,True
89059744,94935.90000000,0.11134000,10570.16310600,1768698388999,False
89059745,94935.90000000,0.00444000,421.51539600,1768698389007,False
89059746,94947.95000000,0.05266000,4999.95904700,1768698393001,False
89059747,94946.76000000,0.00021000,19.93881960,1768698393255,False
89059748,94937.34000000,0.05266000,4999.40032440,1768698396198,False
89059749,94946.05000000,0.00021000,19.93867050,1768698396820,True
89059750,94940.58000000,0.01046000,993.07846680,1768698429362,True
89059751,94935.06000000,0.00021000,19.93636260,1768698429968,False
89059752,94935.05000000,0.00021000,19.93636050,1768698433751,True
89059753,94935.05000000,0.00021000,19.93636050,1768698433751,True
89059754,94845.87000000,0.00529000,501.73465230,1768698561229,True
89059755,94845.05000000,0.00021000,19.91746050,1768698562096,True
89059756,94845.05000000,0.00021000,19.91746050,1768698562096,True
89059757,94790.00000000,0.00200000,189.58000000,1768698718846,True
89059758,94790.00000000,0.00200000,189.58000000,1768698718846,True
89059759,94746.50000000,0.00399000,378.03853500,1768698719069,True
89059760,94768.97000000,0.02603000,2466.83628910,1768698763934,True
89059761,94769.70000000,0.00444000,420.77746800,1768698764052,True
89059762,94811.87000000,0.05400000,5119.84098000,1768698773460,False
89059763,94825.05000000,0.05400000,5120.55270000,1768698783355,False
89059764,94891.38000000,0.05400000,5124.13452000,1768698812297,True
89059765,94883.02000000,0.00010000,9.48830200,1768698812437,False
89059766,94942.95000000,0.00009000,8.54486550,1768699360923,False
89059767,94980.30000000,0.00010000,9.49803000,1768699395173,False
89059768,94949.06000000,0.00021000,19.93930260,1768699397101,False
89059769,94980.30000000,0.00010000,9.49803000,1768699415663,False
89059770,94960.97000000,0.00010000,9.49609700,1768699458539,False
89059771,94960.05000000,0.00021000,19.94161050,1768699477026,True
89059772,94960.05000000,0.00021000,19.94161050,1768699477026,True
89059773,94982.01000000,0.00010000,9.49820100,1768699511405,False
89059774,94942.05000000,0.00021000,19.93783050,1768700018398,True
89059775,94942.05000000,0.00021000,19.93783050,1768700018398,True
89059776,94943.75000000,0.00010000,9.49437500,1768700615624,False
89059777,94929.16000000,0.00021000,19.93512360,1768700616407,False
89059778,94928.14000000,0.00021000,19.93490940,1768700617545,False
89059779,94928.05000000,0.00013000,12.34064650,1768700653511,True
89059780,94928.05000000,0.00008000,7.59424400,1768700692169,True
89059781,94928.05000000,0.00021000,19.93489050,1768700692169,True
89059782,94928.14000000,0.00052000,49.36263280,1768700785082,True
89059783,94920.33000000,0.00010000,9.49203300,1768700815575,False
89059784,94908.26000000,0.00021000,19.93073460,1768700816583,False
89059785,94905.40000000,0.00021000,19.93013400,1768700817944,False
89059786,94908.15000000,0.00030000,28.47244500,1768700819921,False
89059787,94976.22000000,0.00010000,9.49762200,1768700910161,False
89059788,94976.05000000,0.00021000,19.94497050,1768700910940,True
89059789,94976.05000000,0.00021000,19.94497050,1768700910940,True
89059790,94905.05000000,0.00021000,19.93006050,1768701157154,True
89059791,94905.05000000,0.00021000,19.93006050,1768701157154,True
89059792,94879.09000000,0.00030000,28.46372700,1768701214308,False
89059793,94879.05000000,0.00021000,19.92460050,1768701247799,True
89059794,94939.04000000,0.00010000,9.49390400,1768702332732,False
89059795,94948.13000000,0.00800000,759.58504000,1768702499969,False
89059796,94978.87000000,0.00031000,29.44344970,1768702796085,False
89059797,94986.28000000,0.00031000,29.44574680,1768702815318,False
89059798,95020.07000000,0.00031000,29.45622170,1768702830186,False
89059799,95012.74000000,0.00032000,30.40407680,1768702891169,False
89059800,94970.06000000,0.00021000,19.94371260,1768702898369,False
89059801,94948.05000000,0.00021000,19.93909050,1768703403851,True
89059802,94948.05000000,0.00021000,19.93909050,1768703403851,True
89059803,94948.05000000,0.00003000,2.84844150,1768703536006,True
89059804,94948.05000000,0.00001000,0.94948050,1768703632708,True
89059805,94853.10000000,0.00021000,19.91915100,1768703648781,True
89059806,94853.05000000,0.00021000,19.91914050,1768703651201,True
89059807,94923.56000000,0.00601000,570.49059560,1768704422204,True
89059808,94923.05000000,0.00021000,19.93384050,1768704637914,True
89059809,94953.35000000,0.00026000,24.68787100,1768705139249,False
89059810,94951.34000000,0.00021000,19.93978140,1768705140667,False
89059811,94988.66000000,0.00263000,249.82017580,1768706072616,False
89059812,94988.05000000,0.00021000,19.94749050,1768706237022,True
89059813,95023.30000000,0.00526000,499.82255800,1768706243595,False
89059814,94978.75000000,0.00021000,19.94553750,1768706245116,False
89059815,94978.75000000,0.00021000,19.94553750,1768706245117,False
89059816,94978.05000000,0.00021000,19.94539050,1768706533831,True
89059817,95042.65000000,0.05400000,5132.30310000,1768706916132,False
89059818,95055.56000000,0.00021000,19.96166760,1768706916167,False
89059819,95056.56000000,0.00021000,19.96187760,1768706916167,False
89059820,95063.57000000,0.00021000,19.96334970,1768706941355,False
89059821,95063.56000000,0.05400000,5133.43224000,1768706961581,True
89059822,95058.26000000,0.00021000,19.96223460,1768706978280,False
89059823,95058.26000000,0.00021000,19.96223460,1768706978280,False
89059824,95075.76000000,0.00015000,14.26136400,1768707080297,False
89059825,95089.63000000,0.00021000,19.96882230,1768707100027,False
89059826,95106.12000000,0.00016000,15.21697920,1768707113228,True
89059827,95106.05000000,0.00021000,19.97227050,1768707162208,True
89059828,95089.63000000,0.00526000,500.17145380,1768707312254,True
89059829,95116.69000000,0.00021000,19.97450490,1768707421519,False
89059830,95118.70000000,0.00021000,19.97492700,1768707424082,False
89059831,95117.48000000,0.00004000,3.80469920,1768707638028,False
89059832,95089.05000000,0.00021000,19.96870050,1768707744045,True
89059833,95089.05000000,0.00021000,19.96870050,1768707744045,True
89059834,95130.72000000,0.00021000,19.97745120,1768708080158,False
89059835,95138.74000000,0.00021000,19.97913540,1768708081531,False
89059836,95139.74000000,0.00021000,19.97934540,1768708081538,False
89059837,95139.05000000,0.00021000,19.97920050,1768708104926,True
89059838,95092.95000000,0.00036000,34.23346200,1768708390128,False
89059839,95138.98000000,0.00012000,11.41667760,1768708736155,False
89059840,95127.92000000,0.00021000,19.97686320,1768708779893,False
89059841,95092.05000000,0.00021000,19.96933050,1768708853708,True
89059842,95092.06000000,0.00034000,32.33130040,1768709403449,True
89059843,95075.05000000,0.00021000,19.96576050,1768709440099,True
89059844,95075.05000000,0.00021000,19.96576050,1768709440099,True
89059845,95058.05000000,0.00021000,19.96219050,1768709547294,True
89059846,95022.06000000,0.00011000,10.45242660,1768710721837,False
89059847,94977.60000000,0.05400000,5128.79040000,1768712154798,True
89059848,94951.34000000,0.01995000,1894.27923300,1768712154798,True
89059849,95022.66000000,0.00010000,9.50226600,1768712287986,True
89059850,95022.69000000,0.05400000,5131.22526000,1768712329884,False
89059851,95022.05000000,0.00021000,19.95463050,1768712524592,True
89059852,95037.30000000,0.00206000,195.77683800,1768712930714,False
89059853,94998.89000000,0.00207000,196.64770230,1768712993575,False
89059854,95016.58000000,0.00005000,4.75082900,1768713199955,False
89059855,95016.05000000,0.00021000,19.95337050,1768713323776,True
89059856,95016.05000000,0.00526000,499.78442300,1768714386211,True
89059857,95000.00000000,0.10709000,10173.55000000,1768714465872,False
89059858,95000.00000000,0.02494000,2369.30000000,1768714465878,False
89059859,95140.74000000,0.00021000,19.97955540,1768715138764,False
89059860,95145.76000000,0.00021000,19.98060960,1768715147221,False
89059861,95146.76000000,0.00021000,19.98081960,1768715147229,False
89059862,95150.77000000,0.00021000,19.98166170,1768715147516,False
89059863,95152.77000000,0.00021000,19.98208170,1768715147896,False
89059864,95153.77000000,0.00021000,19.98229170,1768715147896,False
89059865,95156.78000000,0.00021000,19.98292380,1768715148898,False
89059866,95157.78000000,0.00021000,19.98313380,1768715149018,False
89059867,95158.78000000,0.00021000,19.98334380,1768715149519,False
89059868,95159.79000000,0.00021000,19.98355590,1768715149519,False
89059869,95163.80000000,0.00021000,19.98439800,1768715149519,False
89059870,95170.81000000,0.00021000,19.98587010,1768715149519,False
89059871,95171.81000000,0.00021000,19.98608010,1768715149527,False
89059872,95166.09000000,0.00021000,19.98487890,1768715260800,False
89059873,95122.27000000,0.00021000,19.97567670,1768715262595,False
89059874,95122.27000000,0.00021000,19.97567670,1768715262596,False
89059875,95096.23000000,0.02000000,1901.92460000,1768715373072,True
89059876,95096.06000000,0.00009000,8.55864540,1768715585905,False
89059877,95096.05000000,0.00021000,19.97017050,1768715590011,True
89059878,95098.05000000,0.00011000,10.46078550,1768715780645,False
89059879,94971.83000000,0.04344000,4125.57629520,1768722246525,True
89059880,94971.05000000,0.00021000,19.94392050,1768723212989,True
89059881,94981.97000000,0.01787000,1697.32780390,1768724367988,True
89059882,94981.05000000,0.00021000,19.94602050,1768724735403,True
89059883,94981.05000000,0.00021000,19.94602050,1768724735403,True
89059884,94951.34000000,0.01641000,1558.15148940,1768724735403,True
89059885,95181.84000000,0.00021000,19.98818640,1768729054890,False
89059886,95186.85000000,0.00021000,19.98923850,1768729054969,False
89059887,95139.09000000,0.00021000,19.97920890,1768729228342,False
89059888,95187.85000000,0.00021000,19.98944850,1768729679087,False
89059889,95188.85000000,0.00021000,19.98965850,1768729679116,False
89059890,95190.86000000,0.00021000,19.99008060,1768729814148,False
89059891,95191.86000000,0.00021000,19.99029060,1768729814158,False
89059892,95192.86000000,0.00021000,19.99050060,1768729921852,False
89059893,95198.87000000,0.00021000,19.99176270,1768730284034,False
89059894,95191.05000000,0.00021000,19.99012050,1768730381698,True
89059895,95188.05000000,0.00021000,19.98949050,1768730495967,True
89059896,95094.05000000,0.00003000,2.85282150,1768730624611,False
89059897,95076.97000000,0.00005000,4.75384850,1768734449812,False
89059898,95076.97000000,0.00005000,4.75384850,1768734485510,False
89059899,95131.81000000,0.00105000,99.88840050,1768736972818,False
89059900,95151.64000000,0.00021000,19.98184440,1768737345099,False
89059901,95151.64000000,0.00003000,2.85454920,1768737401249,False
89059902,95159.59000000,0.00100000,95.15959000,1768737661316,False
89059903,95159.05000000,0.00021000,19.98340050,1768737669451,True
89059904,95159.05000000,0.00021000,19.98340050,1768737669451,True
89059905,95132.64000000,0.00010000,9.51326400,1768737875583,False
89059906,95131.05000000,0.00021000,19.97752050,1768737991667,True
89059907,95084.24000000,0.00031000,29.47611440,1768738017695,True
89059908,95108.74000000,0.00005000,4.75543700,1768738205415,False
89059909,95108.73000000,0.00031000,29.48370630,1768738205525,False
89059910,95108.73000000,0.00005000,4.75543650,1768738205569,False
89059911,95088.80000000,0.00006000,5.70532800,1768738445499,False
89059912,95029.92000000,0.00021000,19.95628320,1768738563109,False
89059913,95029.92000000,0.00021000,19.95628320,1768738563109,False
89059914,95029.05000000,0.00021000,19.95610050,1768738705129,True
89059915,95029.05000000,0.00021000,19.95610050,1768738705129,True
89059916,95076.56000000,0.00031000,29.47373360,1768739823228,False
89059917,94951.34000000,0.06895000,6546.89489300,1768741695757,True
89059918,94951.34000000,0.00106000,100.64842040,1768741695757,True
89059919,94884.32000000,0.00047000,44.59563040,1768741705473,True
89059920,94963.53000000,0.00100000,94.96353000,1768741800598,True
89059921,94963.05000000,0.00021000,19.94224050,1768742378811,True
89059922,94888.54000000,0.00006000,5.69331240,1768742542715,False
89059923,94878.64000000,0.00021000,19.92451440,1768742543822,False
89059924,94878.64000000,0.00021000,19.92451440,1768742543822,False
89059925,94878.05000000,0.00021000,19.92439050,1768742547383,True
89059926,94865.87000000,0.00527000,499.94313490,1768742554318,True
89059927,94918.87000000,0.00027000,25.62809490,1768742616463,False
89059928,94918.05000000,0.00021000,19.93279050,1768742617694,True
89059929,94918.05000000,0.00021000,19.93279050,1768742617701,True
89059930,94865.05000000,0.00021000,19.92166050,1768742709872,True
89059931,94881.43000000,0.00028000,26.56680040,1768742925154,False
89059932,94880.91000000,0.00021000,19.92499110,1768742925924,False
89059933,94880.05000000,0.00021000,19.92481050,1768743114804,True
89059934,94912.96000000,0.00029000,27.52475840,1768743394540,False
89059935,94912.05000000,0.00021000,19.93153050,1768743482107,True
89059936,94912.05000000,0.00021000,19.93153050,1768743482107,True
89059937,94964.40000000,0.05400000,5128.07760000,1768743622932,False
89059938,95045.95000000,0.12595000,11971.03740250,1768743623624,False
89059939,95045.95000000,0.00405000,384.93609750,1768743623637,False
89059940,95075.60000000,0.00021000,19.96587600,1768743625350,False
89059941,95088.63000000,0.00021000,19.96861230,1768743626651,False
89059942,95090.63000000,0.00021000,19.96903230,1768743626651,False
89059943,95091.64000000,0.00021000,19.96924440,1768743626651,False
89059944,95098.65000000,0.00021000,19.97071650,1768743626651,False
89059945,95099.65000000,0.00021000,19.97092650,1768743626651,False
89059946,95122.70000000,0.00021000,19.97576700,1768743626651,False
89059947,95123.71000000,0.00021000,19.97597910,1768743626651,False
89059948,95128.72000000,0.00021000,19.97703120,1768743626651,False
89059949,95129.72000000,0.00021000,19.97724120,1768743626651,False
89059950,95135.64000000,0.05211000,4957.51820040,1768743626651,False
89059951,95088.47000000,0.10640000,10117.41320800,1768743630812,True
89059952,95088.49000000,0.00030000,28.52654700,1768743633975,False
89059953,95088.47000000,0.02360000,2244.08789200,1768743634997,True
89059954,95091.81000000,0.05400000,5134.95774000,1768743648845,False
89059955,95088.47000000,0.11610000,11039.77136700,1768743656074,True
89059956,95088.47000000,0.01390000,1321.72973300,1768743656082,True
89059957,95065.84000000,0.05363000,5098.38099920,1768743657814,True
89059958,95049.01000000,0.02737000,2601.49140370,1768743657814,True
89059959,95062.65000000,0.11554000,10983.53858100,1768743661200,False
89059960,95062.65000000,0.01446000,1374.60591900,1768743661208,False
89059961,95080.03000000,0.05400000,5134.32162000,1768743679191,False
89059962,95126.38000000,0.05400000,5136.82452000,1768743682893,True
89059963,95167.34000000,0.00010000,9.51673400,1768743683105,False
89059964,95111.72000000,0.00263000,250.14382360,1768743687913,False
89059965,95111.05000000,0.00021000,19.97332050,1768743990720,True
89059966,95173.82000000,0.00021000,19.98650220,1768745709986,False
89059967,95222.93000000,0.00021000,19.99681530,1768745726994,False
89059968,95226.94000000,0.00021000,19.99765740,1768745727306,False
89059969,95232.95000000,0.00021000,19.99891950,1768745727364,False
89059970,95233.95000000,0.00021000,19.99912950,1768745727364,False
89059971,95234.95000000,0.00021000,19.99933950,1768745727675,False
89059972,95239.96000000,0.00021000,20.00039160,1768745760905,False
89059973,95240.97000000,0.00021000,20.00060370,1768745760913,False
89059974,95247.98000000,0.00021000,20.00207580,1768745761563,False
89059975,95248.98000000,0.00021000,20.00228580,1768745761570,False
89059976,95249.99000000,0.00021000,20.00249790,1768745761570,False
89059977,95261.01000000,0.00021000,20.00481210,1768745763730,False
89059978,95266.07000000,0.00036000,34.29578520,1768745763755,False
89059979,95268.03000000,0.00021000,20.00628630,1768745763755,False
89059980,95274.04000000,0.00021000,20.00754840,1768745765340,False
89059981,95275.04000000,0.00021000,20.00775840,1768745765340,False
89059982,95277.05000000,0.00021000,20.00818050,1768745765370,False
89059983,95278.05000000,0.00021000,20.00839050,1768745765370,False
89059984,95279.05000000,0.00021000,20.00860050,1768745766554,False
89059985,95102.36000000,0.00301000,286.25810360,1768746386912,True
89059986,95163.81000000,0.00002000,1.90327620,1768747109340,True
89059987,95146.27000000,0.00021000,19.98071670,1768747109551,False
89059988,95000.00000000,0.00105000,99.75000000,1768748142586,True
89059989,94930.87000000,0.00103000,97.77879610,1768748142626,True
89059990,94872.43000000,0.00010000,9.48724300,1768748508899,False
89059991,94872.05000000,0.00021000,19.92313050,1768748531278,True
89059992,94984.82000000,0.00028000,26.59574960,1768749916544,False
89059993,94972.50000000,0.00021000,19.94422500,1768749918005,False
89059994,94972.50000000,0.00021000,19.94422500,1768749918005,False
89059995,94967.27000000,0.00021000,19.94312670,1768749919385,False
89059996,94966.37000000,0.00021000,19.94293770,1768749920755,False
89059997,94966.05000000,0.00021000,19.94287050,1768749929632,True
89059998,94966.05000000,0.00021000,19.94287050,1768749929632,True
89059999,95009.78000000,0.00032000,30.40312960,1768750463803,False
89060000,94972.23000000,0.00021000,19.94416830,1768750465545,False
89060001,94972.23000000,0.00021000,19.94416830,1768750465546,False
89060002,95068.07000000,0.05400000,5133.67578000,1768751307589,False
89060003,95070.35000000,0.06597000,6271.79098950,1768751307589,False
89060004,95004.10000000,0.05400000,5130.22140000,1768751309411,True
89060005,94999.45000000,0.00021000,19.94988450,1768751326973,False
89060006,94999.05000000,0.00021000,19.94980050,1768751404097,True
89060007,94997.91000000,0.05400000,5129.88714000,1768751404104,True
89060008,94992.30000000,0.00021000,19.94838300,1768751416582,False
89060009,94992.30000000,0.00033000,31.34745900,1768751446842,False
89060010,94992.30000000,0.05346000,5078.28835800,1768751517707,False
89060011,95014.83000000,0.00021000,19.95311430,1768752138786,True
89060012,95014.83000000,0.04608000,4378.28336640,1768752138794,True
89060013,94992.05000000,0.00021000,19.94833050,1768752138914,True
89060014,95014.29000000,0.05222000,4961.64622380,1768752138973,True
89060015,94970.29000000,0.01057000,1003.83596530,1768752139009,True
89060016,94970.29000000,0.04333000,4115.06266570,1768752139020,True
89060017,95082.62000000,0.00021000,19.96735020,1768752342276,False
89060018,95083.17000000,0.05400000,5134.49118000,1768752342343,False
89060019,95085.21000000,0.00311000,295.71500310,1768752470283,True
89060020,95093.87000000,0.00041000,38.98848670,1768752470699,True
89060021,95083.05000000,0.00021000,19.96744050,1768752471598,True
89060022,95083.05000000,0.00020000,19.01661000,1768752471598,True
89060023,95095.75000000,0.00300000,285.28725000,1768752472034,True
89060024,95083.05000000,0.00001000,0.95083050,1768752472467,True
89060025,95063.45000000,0.00299000,284.23971550,1768752472467,True
89060026,95063.45000000,0.00300000,285.19035000,1768752472907,True
89060027,95097.45000000,0.00300000,285.29235000,1768752473335,True
89060028,95097.45000000,0.00300000,285.29235000,1768752473775,True
89060029,95097.67000000,0.00125000,118.87208750,1768752479610,True
89060030,95061.85000000,0.00013000,12.35804050,1768752524723,True
89060031,95061.05000000,0.00011000,10.45671550,1768752559468,True
89060032,95074.60000000,0.00002000,1.90149200,1768752862981,False
89060033,95073.51000000,0.00010000,9.50735100,1768752869813,False
89060034,95082.67000000,0.00002000,1.90165340,1768752899621,False
89060035,95082.05000000,0.00021000,19.96723050,1768753011031,True
89060036,95061.05000000,0.00010000,9.50610500,1768753223343,True
89060037,95061.05000000,0.00010000,9.50610500,1768753223343,True
89060038,95168.22000000,0.00524000,498.68147280,1768757012166,False
89060039,95160.21000000,0.00021000,19.98364410,1768757089794,False
89060040,95176.82000000,0.00021000,19.98713220,1768757121687,False
89060041,95177.83000000,0.00021000,19.98734430,1768757121743,False
89060042,95178.83000000,0.00021000,19.98755430,1768757139534,False
89060043,95182.84000000,0.00021000,19.98839640,1768757140373,False
89060044,95182.05000000,0.00021000,19.98823050,1768757724299,True
89060045,95194.86000000,0.00021000,19.99092060,1768757752759,False
89060046,95195.87000000,0.00021000,19.99113270,1768757752768,False
89060047,95191.67000000,0.00021000,19.99025070,1768757779961,False
89060048,95096.48000000,0.00002000,1.90192960,1768758338778,True
89060049,95165.48000000,0.00525000,499.61877000,1768759344478,False
89060050,95165.05000000,0.00021000,19.98466050,1768759381981,True
89060051,95096.48000000,0.00019000,18.06833120,1768760397967,True
89060052,95096.05000000,0.00021000,19.97017050,1768760398354,True
89060053,95096.05000000,0.00020000,19.01921000,1768760398354,True
89060054,95096.05000000,0.00001000,0.95096050,1768760398392,True
89060055,95090.00000000,0.00039000,37.08510000,1768760398392,True
89060056,95090.00000000,0.00012000,11.41080000,1768760400774,True
89060057,95170.80000000,0.00015000,14.27562000,1768760515442,False
89060058,95154.28000000,0.00021000,19.98239880,1768760661705,False
89060059,95154.05000000,0.00019000,18.07926950,1768760691956,True
89060060,95202.88000000,0.00021000,19.99260480,1768760921885,False
89060061,95207.89000000,0.00021000,19.99365690,1768760921885,False
89060062,95209.90000000,0.00021000,19.99407900,1768760921885,False
89060063,95214.91000000,0.00021000,19.99513110,1768760921885,False
89060064,95219.92000000,0.00021000,19.99618320,1768760921885,False
89060065,95220.92000000,0.00021000,19.99639320,1768760921885,False
89060066,95272.04000000,0.00021000,20.00712840,1768760989142,False
89060067,95286.07000000,0.00021000,20.01007470,1768760998528,False
89060068,95287.07000000,0.00021000,20.01028470,1768760998528,False
89060069,95293.08000000,0.00021000,20.01154680,1768761003833,False
89060070,95294.08000000,0.00021000,20.01175680,1768761003833,False
89060071,95295.09000000,0.00021000,20.01196890,1768761003833,False
89060072,95299.10000000,0.00021000,20.01281100,1768761003833,False
89060073,95300.10000000,0.00021000,20.01302100,1768761003833,False
89060074,95301.10000000,0.00021000,20.01323100,1768761009162,False
89060075,95302.10000000,0.00021000,20.01344100,1768761009162,False
89060076,95303.10000000,0.00021000,20.01365100,1768761009162,False
89060077,95307.11000000,0.00021000,20.01449310,1768761009162,False
89060078,95308.12000000,0.00021000,20.01470520,1768761009162,False
89060079,95310.12000000,0.00021000,20.01512520,1768761009162,False
89060080,95311.12000000,0.00021000,20.01533520,1768761009162,False
89060081,95312.12000000,0.00021000,20.01554520,1768761009162,False
89060082,95313.13000000,0.00021000,20.01575730,1768761018389,False
89060083,95317.14000000,0.00021000,20.01659940,1768761018389,False
89060084,95322.15000000,0.00021000,20.01765150,1768761018389,False
89060085,95325.15000000,0.00021000,20.01828150,1768761018389,False
89060086,95326.16000000,0.00021000,20.01849360,1768761018389,False
89060087,95328.16000000,0.00021000,20.01891360,1768761018389,False
89060088,95329.16000000,0.00021000,20.01912360,1768761018389,False
89060089,95331.17000000,0.00021000,20.01954570,1768761018389,False
89060090,95333.17000000,0.00021000,20.01996570,1768761018389,False
89060091,95333.24000000,0.05244000,4999.27510560,1768761018389,False
89060092,95334.17000000,0.00021000,20.02017570,1768761018389,False
89060093,95334.43000000,0.05244000,4999.33750920,1768761018389,False
89060094,95336.85000000,0.00021000,20.02073850,1768761018389,False
89060095,95337.18000000,0.00021000,20.02080780,1768761018389,False
89060096,95338.18000000,0.00021000,20.02101780,1768761018389,False
89060097,95342.19000000,0.00021000,20.02185990,1768761018389,False
89060098,95343.19000000,0.00021000,20.02206990,1768761018389,False
89060099,95346.20000000,0.00021000,20.02270200,1768761018389,False
89060100,95347.20000000,0.00021000,20.02291200,1768761018389,False
89060101,95349.21000000,0.00021000,20.02333410,1768761018389,False
89060102,95349.46000000,0.09766000,9311.82826360,1768761018389,False
89060103,95257.93000000,0.01632000,1554.60941760,1768761529437,False
89060104,95257.05000000,0.00021000,20.00398050,1768761592020,True
89060105,95257.05000000,0.00021000,20.00398050,1768761592020,True
89060106,95285.47000000,0.01650000,1572.21025500,1768761630545,False
89060107,95285.05000000,0.00021000,20.00986050,1768761677763,True
89060108,95311.42000000,0.00002000,1.90622840,1768761975025,False
89060109,95247.08000000,0.00020000,19.04941600,1768762001898,True
89060110,95319.89000000,0.00013000,12.39158570,1768762040237,False
89060111,95350.21000000,0.00021000,20.02354410,1768762103266,False
89060112,95357.22000000,0.00021000,20.02501620,1768762113262,False
89060113,95360.23000000,0.00021000,20.02564830,1768762114625,False
89060114,95361.23000000,0.00021000,20.02585830,1768762118621,False
89060115,95367.25000000,0.00021000,20.02712250,1768762118694,False
89060116,95370.25000000,0.00021000,20.02775250,1768762125812,False
89060117,95371.26000000,0.00021000,20.02796460,1768762125820,False
89060118,95374.26000000,0.00021000,20.02859460,1768762212719,False
89060119,95374.32000000,0.00016000,15.25989120,1768762212719,False
89060120,95376.27000000,0.00021000,20.02901670,1768762218202,False
89060121,95377.27000000,0.00021000,20.02922670,1768762218256,False
89060122,95378.27000000,0.00021000,20.02943670,1768762218256,False
89060123,95379.27000000,0.00017000,16.21447590,1768762506631,False
89060124,95379.27000000,0.00003000,2.86137810,1768762511282,False
89060125,95377.22000000,0.00021000,20.02921620,1768762739842,False
89060126,95373.69000000,0.00021000,20.02847490,1768762769965,False
89060127,95356.00000000,0.00109000,103.93804000,1768762771150,True
89060128,95356.00000000,0.00035000,33.37460000,1768762776270,True
89060129,95379.27000000,0.00001000,0.95379270,1768762800826,False
89060130,95381.28000000,0.00021000,20.03006880,1768762800826,False
89060131,95382.28000000,0.00021000,20.03027880,1768762800834,False
89060132,95386.29000000,0.00021000,20.03112090,1768762801571,False
89060133,95393.30000000,0.00021000,20.03259300,1768762807063,False
89060134,95398.32000000,0.00021000,20.03364720,1768762807063,False
89060135,95399.32000000,0.00021000,20.03385720,1768762807063,False
89060136,95402.32000000,0.00021000,20.03448720,1768762807063,False
89060137,95403.62000000,0.00002000,1.90807240,1768762807063,False
89060138,95403.62000000,0.00002000,1.90807240,1768762807063,False
89060139,95406.33000000,0.00012000,11.44875960,1768762807063,False
89060140,95406.33000000,0.00009000,8.58656970,1768762916855,False
89060141,95415.33000000,0.00011000,10.49568630,1768762916855,False
89060142,95415.33000000,0.00004000,3.81661320,1768762917668,False
89060143,95383.12000000,0.00021000,20.03045520,1768763221828,False
89060144,95383.12000000,0.00021000,20.03045520,1768763221828,False
89060145,95350.04000000,0.00100000,95.35004000,1768763223136,True
89060146,95319.89000000,0.00003000,2.85959670,1768763877292,True
89060147,95415.33000000,0.00025000,23.85383250,1768764789477,False
89060148,95415.33000000,0.00018000,17.17475940,1768764789477,False
89060149,95415.33000000,0.00008000,7.63322640,1768764791235,False
89060150,95319.89000000,0.00001000,0.95319890,1768765563826,True
89060151,95319.05000000,0.00021000,20.01700050,1768765563826,True
89060152,95300.00000000,0.00009000,8.57700000,1768765934234,True
89060153,95300.00000000,0.00001000,0.95300000,1768766040893,True
89060154,95300.00000000,0.00010000,9.53000000,1768766040893,True
89060155,95244.29000000,0.00009000,8.57198610,1768767365400,False
89060156,95347.54000000,0.00151000,143.97478540,1768768184118,True
89060157,95347.54000000,0.00524000,499.62110960,1768768260810,True
89060158,95344.46000000,0.00157000,149.69080220,1768768586374,False
89060159,95244.05000000,0.00021000,20.00125050,1768768775818,True
89060160,95244.05000000,0.00021000,20.00125050,1768768775818,True
89060161,95239.34000000,0.00028000,26.66701520,1768768776943,False
89060162,95239.05000000,0.00021000,20.00020050,1768768901633,True
89060163,95239.05000000,0.00021000,20.00020050,1768768901633,True
89060164,95206.09000000,0.00022000,20.94533980,1768770549455,False
89060165,95239.05000000,0.01050000,1000.01002500,1768770626997,False
89060166,95245.00000000,0.00104000,99.05480000,1768771506178,True
89060167,95415.33000000,0.00014000,13.35814620,1768774380082,False
89060168,95425.38000000,0.00021000,20.03932980,1768774385759,False
89060169,95426.38000000,0.00021000,20.03953980,1768774385785,False
89060170,95430.39000000,0.00021000,20.04038190,1768774386623,False
89060171,95434.40000000,0.00021000,20.04122400,1768774386639,False
89060172,95438.40000000,0.00021000,20.04206400,1768774387622,False
89060173,95445.42000000,0.00021000,20.04353820,1768774403825,False
89060174,95434.06000000,0.00021000,20.04115260,1768774598368,False
89060175,95394.56000000,0.00100000,95.39456000,1768777260521,False
89060176,95300.00000000,0.00009000,8.57700000,1768777378222,True
89060177,95300.00000000,0.00001000,0.95300000,1768777384005,True
89060178,95245.00000000,0.00026000,24.76370000,1768777384005,True
89060179,95245.00000000,0.00010000,9.52450000,1768777384005,True
89060180,95200.00000000,0.00010000,9.52000000,1768777422654,True
89060181,95159.00000000,0.00735000,699.41865000,1768777422654,True
89060182,95090.00000000,0.00001000,0.95090000,1768777448346,True
89060183,95090.00000000,0.02307000,2193.72630000,1768777448346,True
89060184,95000.00000000,0.00010000,9.50000000,1768777459219,True
89060185,94989.84000000,0.01579000,1499.88957360,1768777459219,True
89060186,94917.41000000,0.00026000,24.67852660,1768777514269,True
89060187,94880.48000000,0.00015000,14.23207200,1768777515077,True
89060188,94880.47000000,0.00085000,80.64839950,1768777515077,True
89060189,94886.59000000,0.05400000,5123.87586000,1768777558592,True
89060190,94886.59000000,0.06852000,6501.62914680,1768777558599,False
89060191,94886.59000000,0.01375000,1304.69061250,1768777558850,False
89060192,94886.59000000,0.01375000,1304.69061250,1768777559544,False
89060193,94886.59000000,0.01375000,1304.69061250,1768777559548,False
89060194,94886.59000000,0.02289000,2171.95404510,1768777560545,False
89060195,94886.59000000,0.00460000,436.47831400,1768777560947,False
89060196,94886.59000000,0.00460000,436.47831400,1768777561547,False
89060197,94886.59000000,0.00460000,436.47831400,1768777561647,False
89060198,94886.59000000,0.00199000,188.82431410,1768777562548,False
89060199,94886.59000000,0.00040000,37.95463600,1768777562846,False
89060200,94886.59000000,0.00008000,7.59092720,1768777563848,False
89060201,94886.59000000,0.00634000,601.58098060,1768777564836,False
89060202,94942.38000000,0.00351000,333.24775380,1768777566049,False
89060203,94961.63000000,0.01312000,1245.89658560,1768777636712,False
89060204,94961.63000000,0.01312000,1245.89658560,1768777636719,False
89060205,94975.41000000,0.00056000,53.18622960,1768777646519,False
89060206,94975.05000000,0.00021000,19.94476050,1768777736880,True
89060207,94975.05000000,0.00021000,19.94476050,1768777736880,True
89060208,94897.01000000,0.01053000,999.26551530,1768777784433,True
89060209,94897.01000000,0.02453000,2327.82365530,1768777784549,True
89060210,94888.85000000,0.00351000,333.05986350,1768777803814,True
89060211,94895.90000000,0.05400000,5124.37860000,1768777863352,False
89060212,94931.58000000,0.00351000,333.20984580,1768777863659,False
89060213,94931.05000000,0.00021000,19.93552050,1768777865303,True
89060214,94931.05000000,0.00021000,19.93552050,1768777865303,True
89060215,95000.00000000,0.00010000,9.50000000,1768778011324,False
89060216,94996.35000000,0.00421000,399.93463350,1768778093765,False
89060217,94992.17000000,0.00021000,19.94835570,1768778094907,False
89060218,94948.79000000,0.00351000,333.27025290,1768778103246,True
89060219,94931.05000000,0.00065000,61.70518250,1768778557591,True
89060220,94931.05000000,0.10469000,9938.33162450,1768778559202,True
89060221,94750.00000000,0.00528000,500.28000000,1768778577210,True
89060222,94742.80000000,0.00778000,737.09898400,1768778577245,True
89060223,94726.90000000,0.00032000,30.31260800,1768778577970,True
89060224,94716.49000000,0.00016000,15.15463840,1768778580033,True
89060225,94726.05000000,0.00021000,19.89247050,1768778584631,True
89060226,94716.05000000,0.00021000,19.89037050,1768778586667,True
89060227,94790.75000000,0.00800000,758.32600000,1768778654704,True
89060228,94790.05000000,0.00021000,19.90591050,1768778719689,True
89060229,94790.05000000,0.00021000,19.90591050,1768778719689,True
89060230,94600.00000000,0.11027000,10431.54200000,1768778940136,True
89060231,94600.00000000,0.14336000,13561.85600000,1768778940142,True
89060232,94600.00000000,0.09237000,8738.20200000,1768778940484,True
89060233,94600.00000000,0.00100000,94.60000000,1768778940484,True
89060234,94563.49000000,0.00091000,86.05277590,1768778948119,True
89060235,94563.05000000,0.00021000,19.85824050,1768778976545,True
89060236,94548.25000000,0.00014000,13.23675500,1768778980264,True
89060237,94524.14000000,0.00052000,49.15255280,1768778980466,True
89060238,94548.05000000,0.00021000,19.85509050,1768778983245,True
89060239,94524.05000000,0.00021000,19.85005050,1768778983306,True
89060240,94524.05000000,0.00021000,19.85005050,1768778983306,True
89060241,94518.00000000,0.02644000,2499.05592000,1768778983478,True
89060242,94506.37000000,0.00013000,12.28582810,1768778984996,True
89060243,94506.05000000,0.00021000,19.84627050,1768778988956,True
89060244,94500.05000000,0.00074000,69.93003700,1768779005516,True
89060245,94500.05000000,0.00449000,424.30522450,1768779007172,True
89060246,94500.00000000,0.00042000,39.69000000,1768779007172,True
89060247,94443.07000000,0.00041000,38.72165870,1768779009140,True
89060248,94436.23000000,0.00232000,219.09205360,1768779009140,True
89060249,94509.01000000,0.05400000,5103.48654000,1768779015502,False
89060250,94497.41000000,0.05400000,5102.86014000,1768779029267,True
89060251,94635.20000000,0.00031000,29.33691200,1768779146783,False
89060252,94715.80000000,0.00021000,19.89031800,1768779165541,False
89060253,94635.05000000,0.00021000,19.87336050,1768779242297,True
89060254,94653.58000000,0.00021000,19.87725180,1768779243658,False
89060255,94653.58000000,0.00021000,19.87725180,1768779243658,False
89060256,94547.84000000,0.05400000,5105.58336000,1768779257098,True
89060257,94497.05000000,0.00021000,19.84438050,1768779257941,True
89060258,94497.05000000,0.00021000,19.84438050,1768779257941,True
89060259,94493.45000000,0.05400000,5102.64630000,1768779259880,False
89060260,94493.05000000,0.00021000,19.84354050,1768779319286,True
89060261,94493.05000000,0.00021000,19.84354050,1768779319286,True
89060262,94512.10000000,0.00098000,92.62185800,1768779402067,True
89060263,94512.05000000,0.00021000,19.84753050,1768779568578,True
89060264,94493.05000000,0.00529000,499.86823450,1768779570462,True
89060265,94415.58000000,0.00118000,111.41038440,1768779618375,True
89060266,94415.05000000,0.00021000,19.82716050,1768779642114,True
89060267,94439.34000000,0.00423000,399.47840820,1768779649831,False
89060268,94411.54000000,0.00021000,19.82642340,1768779651116,False
89060269,94444.44000000,0.00010000,9.44444400,1768779721065,True
89060270,94411.05000000,0.00021000,19.82632050,1768779721065,True
89060271,94411.05000000,0.00021000,19.82632050,1768779721065,True
89060272,94400.00000000,0.00010000,9.44000000,1768779775812,True
89060273,94395.56000000,0.00003000,2.83186680,1768779775812,True
89060274,94383.99000000,0.00042000,39.64127580,1768779775827,True
89060275,94321.00000000,0.00010000,9.43210000,1768779977299,True
89060276,94300.00000000,0.02120000,1999.16000000,1768779977299,True
89060277,94283.50000000,0.01000000,942.83500000,1768779979888,True
89060278,94283.05000000,0.00021000,19.79944050,1768779981662,True
89060279,94261.70000000,0.00325000,306.35052500,1768779986232,True
89060280,94250.00000000,0.00531000,500.46750000,1768779986268,True
89060281,94241.90000000,0.00254000,239.37442600,1768779986547,True
89060282,94182.66000000,0.05500000,5180.04630000,1768779986617,True
89060283,94147.00000000,0.00100000,94.14700000,1768779987033,True
89060284,94141.15000000,0.00106000,99.78961900,1768779987033,True
89060285,94132.84000000,0.05500000,5177.30620000,1768779987033,True
89060286,94120.38000000,0.00783000,736.96257540,1768779987033,True
89060287,94111.37000000,0.00055000,51.76125350,1768779987267,False
89060288,94111.36000000,0.00270000,254.10067200,1768779987376,True
89060289,94082.05000000,0.00200000,188.16410000,1768779987477,True
89060290,94046.00000000,0.00092000,86.52232000,1768779987587,True
89060291,94038.59000000,0.13200000,12413.09388000,1768779988041,True
89060292,94031.74000000,0.00531000,499.30853940,1768779988041,True
89060293,94004.58000000,0.00200000,188.00916000,1768779988476,True
89060294,94001.00000000,0.10639000,10000.76639000,1768779988476,True
89060295,94000.54000000,0.00200000,188.00108000,1768779988476,True
89060296,94000.54000000,0.00200000,188.00108000,1768779988476,True
89060297,94000.05000000,0.00200000,188.00010000,1768779988476,True
89060298,94000.05000000,0.00200000,188.00010000,1768779988476,True
89060299,94000.02000000,0.00108000,101.52002160,1768779988476,True
89060300,94000.00000000,0.02128000,2000.32000000,1768779988476,True
89060301,94000.00000000,0.00010000,9.40000000,1768779988476,True
89060302,94000.00000000,0.00527000,495.38000000,1768779988476,True
89060303,94000.00000000,0.00532000,500.08000000,1768779988476,True
89060304,94000.00000000,0.00212000,199.28000000,1768779988476,True
89060305,94000.00000000,0.00836000,785.84000000,1768779988476,True
89060306,94000.00000000,0.00759000,713.46000000,1768779988483,True
89060307,94000.00000000,0.00106000,99.64000000,1768779988483,True
89060308,94000.00000000,0.10639000,10000.66000000,1768779988483,True
89060309,94000.00000000,0.00100000,94.00000000,1768779988483,True
89060310,93982.86000000,0.00021000,19.73640060,1768779989027,False
89060311,93982.05000000,0.00200000,187.96410000,1768779989500,True
89060312,93972.99000000,0.00200000,187.94598000,1768779989614,True
89060313,93972.99000000,0.00200000,187.94598000,1768779989614,True
89060314,93972.99000000,0.00200000,187.94598000,1768779989614,True
89060315,93946.79000000,0.00100000,93.94679000,1768779990201,True
89060316,93945.06000000,0.00014000,13.15230840,1768779990533,True
89060317,93942.71000000,0.00014000,13.15197940,1768779990533,True
89060318,93939.39000000,0.01064000,999.51510960,1768779990533,True
89060319,93918.32000000,0.00255000,239.49171600,1768779990533,True
89060320,93904.58000000,0.00200000,187.80916000,1768779990588,True
89060321,93902.47000000,0.00041000,38.50001270,1768779990709,True
89060322,93900.54000000,0.00200000,187.80108000,1768779990709,True
89060323,93900.54000000,0.00200000,187.80108000,1768779990709,True
89060324,93900.05000000,0.00200000,187.80010000,1768779990709,True
89060325,93900.05000000,0.00200000,187.80010000,1768779990709,True
89060326,93888.00000000,0.01081000,1014.92928000,1768779990709,True
89060327,93872.99000000,0.00200000,187.74598000,1768779990709,True
89060328,93872.99000000,0.00200000,187.74598000,1768779990709,True
89060329,93872.99000000,0.00200000,187.74598000,1768779990709,True
89060330,93866.90000000,0.01000000,938.66900000,1768779990709,True
89060331,93849.00000000,0.04678000,4390.25622000,1768779990709,True
89060332,93812.56000000,0.00434000,407.14651040,1768779990921,False
89060333,93812.56000000,0.00048000,45.03002880,1768779991113,False
89060334,93812.56000000,0.00024000,22.51501440,1768779991345,False
89060335,93812.56000000,0.00021000,19.70063760,1768779991629,False
89060336,93812.56000000,0.00021000,19.70063760,1768779991629,False
89060337,93812.56000000,0.00021000,19.70063760,1768779991629,False
89060338,93862.68000000,0.00021000,19.71116280,1768779995197,False
89060339,94002.31000000,0.00067000,62.98154770,1768780008752,False
89060340,93967.20000000,0.02014000,1892.49940800,1768780013974,False
89060341,93967.20000000,0.02061000,1936.66399200,1768780015029,False
89060342,94037.48000000,0.11579000,10888.59980920,1768780020552,False
89060343,94045.92000000,0.05500000,5172.52560000,1768780020558,False
89060344,94037.50000000,0.05500000,5172.06250000,1768780020721,False
89060345,94037.63000000,0.00010000,9.40376300,1768780022152,True
89060346,94037.72000000,0.06069000,5707.14922680,1768780023033,True
89060347,93878.22000000,0.00065000,61.02084300,1768780035874,True
89060348,93862.05000000,0.00021000,19.71103050,1768780041145,True
89060349,93862.05000000,0.00021000,19.71103050,1768780041145,True
89060350,93812.05000000,0.00021000,19.70053050,1768780064836,True
89060351,93812.05000000,0.00020000,18.76241000,1768780064836,True
89060352,93812.05000000,0.00001000,0.93812050,1768780080759,True
89060353,93783.80000000,0.00100000,93.78380000,1768780080759,True
89060354,93750.00000000,0.00010000,9.37500000,1768780081269,True
89060355,93736.34000000,0.05500000,5155.49870000,1768780081269,True
89060356,93783.05000000,0.00021000,19.69444050,1768780082051,True
89060357,93783.05000000,0.00021000,19.69444050,1768780082051,True
89060358,93724.74000000,0.05500000,5154.86070000,1768780083120,False
89060359,93745.21000000,0.05500000,5155.98655000,1768780083743,False
89060360,93818.54000000,0.10815000,10146.47510100,1768780085024,False
89060361,93818.54000000,0.02385000,2237.57217900,1768780085094,False
89060362,93818.05000000,0.00021000,19.70179050,1768780086192,True
89060363,93818.05000000,0.00021000,19.70179050,1768780086199,True
89060364,93875.62000000,0.05500000,5163.15910000,1768780087242,True
89060365,93781.77000000,0.10889000,10211.89693530,1768780087255,True
89060366,93781.77000000,0.02311000,2167.29670470,1768780087595,True
89060367,93745.05000000,0.00021000,19.68646050,1768780091310,True
89060368,93745.05000000,0.00021000,19.68646050,1768780091310,True
89060369,93724.05000000,0.00021000,19.68205050,1768780095412,True
89060370,93713.58000000,0.00032000,29.98834560,1768780095459,True
89060371,93700.00000000,0.01600000,1499.20000000,1768780096549,True
89060372,93662.29000000,0.00033000,30.90855570,1768780104566,True
89060373,93655.86000000,0.00273000,255.68049780,1768780104645,True
89060374,93640.65000000,0.00054000,50.56595100,1768780105508,True
89060375,93655.05000000,0.00021000,19.66756050,1768780105606,True
89060376,93856.71000000,0.05500000,5162.11905000,1768780172603,False
89060377,93862.91000000,0.00021000,19.71121110,1768780173338,False
89060378,93795.01000000,0.05500000,5158.72555000,1768780177413,True
89060379,93778.42000000,0.00316000,296.33980720,1768780212746,False
89060380,93895.88000000,0.05500000,5164.27340000,1768780224831,False
89060381,93915.22000000,0.05500000,5165.33710000,1768780233605,True
89060382,93932.07000000,0.00021000,19.72573470,1768780260053,False
89060383,93915.05000000,0.00021000,19.72216050,1768780261031,True
89060384,93926.83000000,0.11579000,10875.78764570,1768780320065,False
89060385,93940.98000000,0.05322000,4999.53895560,1768780320478,False
89060386,93938.85000000,0.06258000,5878.69323300,1768780320520,True
89060387,93838.48000000,0.05500000,5161.11640000,1768780330434,True
89060388,93838.05000000,0.00021000,19.70599050,1768780331370,True
89060389,93813.00000000,0.05500000,5159.71500000,1768780334357,False
89060390,93836.17000000,0.00427000,400.68044590,1768780336055,False
89060391,93836.05000000,0.00021000,19.70557050,1768780336648,True
89060392,93836.05000000,0.00021000,19.70557050,1768780336648,True
89060393,93688.00000000,0.04701000,4404.27288000,1768780502532,False
89060394,93622.10000000,0.00089000,83.32366900,1768780570437,True
89060395,93607.68000000,0.00676000,632.78791680,1768780570942,True
89060396,93607.05000000,0.00021000,19.65748050,1768780571359,True
89060397,93598.93000000,0.00327000,306.06850110,1768780577721,True
89060398,93597.00000000,0.00168000,157.24296000,1768780578065,True
89060399,93595.84000000,0.00256000,239.60535040,1768780578076,True
89060400,93595.05000000,0.00021000,19.65496050,1768780580931,True
89060401,93582.35000000,0.00212000,198.39458200,1768780582055,True
89060402,93582.05000000,0.00021000,19.65223050,1768780583233,True
89060403,93582.05000000,0.00021000,19.65223050,1768780583233,True
89060404,93582.07000000,0.00004000,3.74328280,1768780680828,True
89060405,93582.07000000,0.00001000,0.93582070,1768780688073,True
89060406,93556.07000000,0.00002000,1.87112140,1768780688073,True
89060407,93624.68000000,0.00024000,22.46992320,1768780787725,False
89060408,93619.68000000,0.00021000,19.66013280,1768780789587,False
